{
  "hash": "039ab265",
  "configHash": "559f7799",
  "lockfileHash": "ac7cecb3",
  "browserHash": "1fdadc3a",
  "optimized": {
    "@angular/common": {
      "src": "../../../../../../node_modules/@angular/common/fesm2022/common.mjs",
      "file": "@angular_common.js",
      "fileHash": "39e605ba",
      "needsInterop": false
    },
    "@angular/core": {
      "src": "../../../../../../node_modules/@angular/core/fesm2022/core.mjs",
      "file": "@angular_core.js",
      "fileHash": "a7af3782",
      "needsInterop": false
    },
    "@angular/forms": {
      "src": "../../../../../../node_modules/@angular/forms/fesm2022/forms.mjs",
      "file": "@angular_forms.js",
      "fileHash": "d1ede947",
      "needsInterop": false
    },
    "@angular/platform-browser": {
      "src": "../../../../../../node_modules/@angular/platform-browser/fesm2022/platform-browser.mjs",
      "file": "@angular_platform-browser.js",
      "fileHash": "a58f1261",
      "needsInterop": false
    },
    "@angular/router": {
      "src": "../../../../../../node_modules/@angular/router/fesm2022/router.mjs",
      "file": "@angular_router.js",
      "fileHash": "d88d657b",
      "needsInterop": false
    }
  },
  "chunks": {
    "chunk-MZZXBFNQ": {
      "file": "chunk-MZZXBFNQ.js"
    },
    "chunk-LJGW4UUE": {
      "file": "chunk-LJGW4UUE.js"
    },
    "chunk-VKUFYADX": {
      "file": "chunk-VKUFYADX.js"
    }
  }
}